scenario,language,cache,users,url,extracted_links
python_cache,python,com_cache,100,https://br.ign.com,383
python_cache,python,com_cache,100,https://canaltech.com.br,155
python_cache,python,com_cache,100,https://cnn.com,492
python_cache,python,com_cache,100,https://kotaku.com,136
python_cache,python,com_cache,100,https://receitas.globo.com,235
python_cache,python,com_cache,100,https://www.estadao.com.br,358
python_cache,python,com_cache,100,https://www.foxnews.com,910
python_cache,python,com_cache,100,https://www.todamateria.com.br,182
python_cache,python,com_cache,100,https://www.tudogostoso.com.br,208
python_cache,python,com_cache,100,https://www12.senado.leg.br,250
python_cache,python,com_cache,250,https://br.ign.com,383
python_cache,python,com_cache,250,https://canaltech.com.br,155
python_cache,python,com_cache,250,https://cnn.com,492
python_cache,python,com_cache,250,https://kotaku.com,136
python_cache,python,com_cache,250,https://receitas.globo.com,235
python_cache,python,com_cache,250,https://www.estadao.com.br,358
python_cache,python,com_cache,250,https://www.foxnews.com,910
python_cache,python,com_cache,250,https://www.todamateria.com.br,182
python_cache,python,com_cache,250,https://www.tudogostoso.com.br,208
python_cache,python,com_cache,250,https://www12.senado.leg.br,250
python_cache,python,com_cache,500,https://br.ign.com,383
python_cache,python,com_cache,500,https://canaltech.com.br,155
python_cache,python,com_cache,500,https://cnn.com,492
python_cache,python,com_cache,500,https://kotaku.com,136
python_cache,python,com_cache,500,https://receitas.globo.com,235
python_cache,python,com_cache,500,https://www.estadao.com.br,358
python_cache,python,com_cache,500,https://www.foxnews.com,910
python_cache,python,com_cache,500,https://www.todamateria.com.br,182
python_cache,python,com_cache,500,https://www.tudogostoso.com.br,208
python_cache,python,com_cache,500,https://www12.senado.leg.br,250
python_nocache,python,sem_cache,100,https://br.ign.com,383
python_nocache,python,sem_cache,100,https://canaltech.com.br,155
python_nocache,python,sem_cache,100,https://cnn.com,492
python_nocache,python,sem_cache,100,https://kotaku.com,136
python_nocache,python,sem_cache,100,https://receitas.globo.com,235
python_nocache,python,sem_cache,100,https://www.estadao.com.br,359
python_nocache,python,sem_cache,100,https://www.foxnews.com,910
python_nocache,python,sem_cache,100,https://www.todamateria.com.br,182
python_nocache,python,sem_cache,100,https://www.tudogostoso.com.br,208
python_nocache,python,sem_cache,100,https://www12.senado.leg.br,250
python_nocache,python,sem_cache,250,https://br.ign.com,383
python_nocache,python,sem_cache,250,https://cnn.com,492
python_nocache,python,sem_cache,250,https://receitas.globo.com,235
python_nocache,python,sem_cache,250,https://www.estadao.com.br,359
python_nocache,python,sem_cache,250,https://www.foxnews.com,910
python_nocache,python,sem_cache,250,https://www.tudogostoso.com.br,208
python_nocache,python,sem_cache,250,https://www12.senado.leg.br,250
python_nocache,python,sem_cache,500,https://br.ign.com,383
python_nocache,python,sem_cache,500,https://cnn.com,492
python_nocache,python,sem_cache,500,https://www.foxnews.com,910
ruby_cache,ruby,com_cache,100,https://br.ign.com,382
ruby_cache,ruby,com_cache,100,https://canaltech.com.br,155
ruby_cache,ruby,com_cache,100,https://cnn.com,491
ruby_cache,ruby,com_cache,100,https://kotaku.com,135
ruby_cache,ruby,com_cache,100,https://receitas.globo.com,232
ruby_cache,ruby,com_cache,100,https://www.estadao.com.br,314
ruby_cache,ruby,com_cache,100,https://www.foxnews.com,911
ruby_cache,ruby,com_cache,100,https://www.todamateria.com.br,182
ruby_cache,ruby,com_cache,100,https://www.tudogostoso.com.br,206
ruby_cache,ruby,com_cache,100,https://www12.senado.leg.br,250
ruby_cache,ruby,com_cache,250,https://br.ign.com,382
ruby_cache,ruby,com_cache,250,https://canaltech.com.br,155
ruby_cache,ruby,com_cache,250,https://cnn.com,491
ruby_cache,ruby,com_cache,250,https://kotaku.com,135
ruby_cache,ruby,com_cache,250,https://receitas.globo.com,232
ruby_cache,ruby,com_cache,250,https://www.estadao.com.br,314
ruby_cache,ruby,com_cache,250,https://www.foxnews.com,911
ruby_cache,ruby,com_cache,250,https://www.todamateria.com.br,182
ruby_cache,ruby,com_cache,250,https://www.tudogostoso.com.br,206
ruby_cache,ruby,com_cache,250,https://www12.senado.leg.br,250
ruby_cache,ruby,com_cache,500,https://br.ign.com,382
ruby_cache,ruby,com_cache,500,https://canaltech.com.br,155
ruby_cache,ruby,com_cache,500,https://cnn.com,491
ruby_cache,ruby,com_cache,500,https://kotaku.com,135
ruby_cache,ruby,com_cache,500,https://receitas.globo.com,232
ruby_cache,ruby,com_cache,500,https://www.estadao.com.br,314
ruby_cache,ruby,com_cache,500,https://www.foxnews.com,911
ruby_cache,ruby,com_cache,500,https://www.todamateria.com.br,182
ruby_cache,ruby,com_cache,500,https://www.tudogostoso.com.br,206
ruby_cache,ruby,com_cache,500,https://www12.senado.leg.br,250
ruby_nocache,ruby,sem_cache,100,https://br.ign.com,381
ruby_nocache,ruby,sem_cache,100,https://canaltech.com.br,155
ruby_nocache,ruby,sem_cache,100,https://cnn.com,491
ruby_nocache,ruby,sem_cache,100,https://kotaku.com,135
ruby_nocache,ruby,sem_cache,100,https://receitas.globo.com,232
ruby_nocache,ruby,sem_cache,100,https://www.estadao.com.br,314
ruby_nocache,ruby,sem_cache,100,https://www.foxnews.com,911
ruby_nocache,ruby,sem_cache,100,https://www.todamateria.com.br,182
ruby_nocache,ruby,sem_cache,100,https://www.tudogostoso.com.br,206
ruby_nocache,ruby,sem_cache,100,https://www12.senado.leg.br,250
ruby_nocache,ruby,sem_cache,250,https://br.ign.com,381
ruby_nocache,ruby,sem_cache,250,https://canaltech.com.br,155
ruby_nocache,ruby,sem_cache,250,https://cnn.com,491
ruby_nocache,ruby,sem_cache,250,https://kotaku.com,135
ruby_nocache,ruby,sem_cache,250,https://receitas.globo.com,232
ruby_nocache,ruby,sem_cache,250,https://www.estadao.com.br,314
ruby_nocache,ruby,sem_cache,250,https://www.foxnews.com,911
ruby_nocache,ruby,sem_cache,250,https://www.todamateria.com.br,182
ruby_nocache,ruby,sem_cache,250,https://www.tudogostoso.com.br,206
ruby_nocache,ruby,sem_cache,250,https://www12.senado.leg.br,250
ruby_nocache,ruby,sem_cache,500,https://br.ign.com,381
ruby_nocache,ruby,sem_cache,500,https://canaltech.com.br,155
ruby_nocache,ruby,sem_cache,500,https://cnn.com,491
ruby_nocache,ruby,sem_cache,500,https://receitas.globo.com,232
ruby_nocache,ruby,sem_cache,500,https://www.estadao.com.br,314
ruby_nocache,ruby,sem_cache,500,https://www.foxnews.com,911
ruby_nocache,ruby,sem_cache,500,https://www.todamateria.com.br,182
ruby_nocache,ruby,sem_cache,500,https://www.tudogostoso.com.br,206
ruby_nocache,ruby,sem_cache,500,https://www12.senado.leg.br,250
