language,scenario,scenarioLabel,users,technology,workload,requestCount,throughputRps,p95LatencyMs
Python,carga-leve,Carga leve,50,REST,listar-musicas,38458,323.12,11.0
Python,carga-leve,Carga leve,50,REST,listar-musicas-playlist,38434,322.92,52.0
Python,carga-leve,Carga leve,50,REST,listar-playlists-musica,38416,322.77,52.0
Python,carga-leve,Carga leve,50,REST,listar-playlists-usuario,38443,323.0,51.0
Python,carga-leve,Carga leve,50,REST,listar-usuarios,38460,323.14,11.0
Python,carga-leve,Carga leve,50,GraphQL,listar-musicas,8021,67.27,250.0
Python,carga-leve,Carga leve,50,GraphQL,listar-musicas-playlist,7995,67.05,230.0
Python,carga-leve,Carga leve,50,GraphQL,listar-playlists-musica,7988,66.99,240.0
Python,carga-leve,Carga leve,50,GraphQL,listar-playlists-usuario,8007,67.15,230.0
Python,carga-leve,Carga leve,50,GraphQL,listar-usuarios,8035,67.39,210.0
Python,carga-leve,Carga leve,50,SOAP,listar-musicas,6423,53.84,540.0
Python,carga-leve,Carga leve,50,SOAP,listar-musicas-playlist,6413,53.76,350.0
Python,carga-leve,Carga leve,50,SOAP,listar-playlists-musica,6411,53.74,330.0
Python,carga-leve,Carga leve,50,SOAP,listar-playlists-usuario,6418,53.8,340.0
Python,carga-leve,Carga leve,50,SOAP,listar-usuarios,6440,53.98,360.0
Python,carga-leve,Carga leve,50,gRPC,listar-musicas,36556,305.65,39.0
Python,carga-leve,Carga leve,50,gRPC,listar-musicas-playlist,36535,305.48,39.0
Python,carga-leve,Carga leve,50,gRPC,listar-playlists-musica,36526,305.4,35.0
Python,carga-leve,Carga leve,50,gRPC,listar-playlists-usuario,36546,305.57,37.0
Python,carga-leve,Carga leve,50,gRPC,listar-usuarios,36566,305.74,51.0
Python,carga-media,Carga média,250,REST,listar-musicas,47705,400.45,65.0
Python,carga-media,Carga média,250,REST,listar-musicas-playlist,47588,399.47,68.0
Python,carga-media,Carga média,250,REST,listar-playlists-musica,47544,399.1,70.0
Python,carga-media,Carga média,250,REST,listar-playlists-usuario,47643,399.93,71.0
Python,carga-media,Carga média,250,REST,listar-usuarios,47756,400.88,64.0
Python,carga-media,Carga média,250,GraphQL,listar-musicas,8014,67.19,830.0
Python,carga-media,Carga média,250,GraphQL,listar-musicas-playlist,7928,66.47,880.0
Python,carga-media,Carga média,250,GraphQL,listar-playlists-musica,7873,66.01,890.0
Python,carga-media,Carga média,250,GraphQL,listar-playlists-usuario,7974,66.86,850.0
Python,carga-media,Carga média,250,GraphQL,listar-usuarios,8045,67.45,840.0
Python,carga-media,Carga média,250,SOAP,listar-musicas,6064,50.92,1900.0
Python,carga-media,Carga média,250,SOAP,listar-musicas-playlist,5962,50.06,1300.0
Python,carga-media,Carga média,250,SOAP,listar-playlists-musica,5928,49.78,1300.0
Python,carga-media,Carga média,250,SOAP,listar-playlists-usuario,5988,50.28,1300.0
Python,carga-media,Carga média,250,SOAP,listar-usuarios,6119,51.38,2000.0
Python,carga-media,Carga média,250,gRPC,listar-musicas,37208,311.03,190.0
Python,carga-media,Carga média,250,gRPC,listar-musicas-playlist,37098,310.11,200.0
Python,carga-media,Carga média,250,gRPC,listar-playlists-musica,37060,309.79,200.0
Python,carga-media,Carga média,250,gRPC,listar-playlists-usuario,37156,310.59,200.0
Python,carga-media,Carga média,250,gRPC,listar-usuarios,37242,311.31,220.0
Python,carga-alta,Carga alta,500,REST,listar-musicas,48073,403.19,68.0
Python,carga-alta,Carga alta,500,REST,listar-musicas-playlist,47855,401.36,70.0
Python,carga-alta,Carga alta,500,REST,listar-playlists-musica,47762,400.58,71.0
Python,carga-alta,Carga alta,500,REST,listar-playlists-usuario,47955,402.2,73.0
Python,carga-alta,Carga alta,500,REST,listar-usuarios,48175,404.05,69.0
Python,carga-alta,Carga alta,500,GraphQL,listar-musicas,7786,65.3,1600.0
Python,carga-alta,Carga alta,500,GraphQL,listar-musicas-playlist,7601,63.75,1700.0
Python,carga-alta,Carga alta,500,GraphQL,listar-playlists-musica,7505,62.94,1600.0
Python,carga-alta,Carga alta,500,GraphQL,listar-playlists-usuario,7688,64.48,1600.0
Python,carga-alta,Carga alta,500,GraphQL,listar-usuarios,7914,66.37,1600.0
Python,carga-alta,Carga alta,500,SOAP,listar-musicas,6132,51.43,2200.0
Python,carga-alta,Carga alta,500,SOAP,listar-musicas-playlist,5940,49.82,2200.0
Python,carga-alta,Carga alta,500,SOAP,listar-playlists-musica,5842,49.0,2100.0
Python,carga-alta,Carga alta,500,SOAP,listar-playlists-usuario,6024,50.52,2200.0
Python,carga-alta,Carga alta,500,SOAP,listar-usuarios,6224,52.2,2200.0
Python,carga-alta,Carga alta,500,gRPC,listar-musicas,37096,310.02,390.0
Python,carga-alta,Carga alta,500,gRPC,listar-musicas-playlist,36869,308.12,380.0
Python,carga-alta,Carga alta,500,gRPC,listar-playlists-musica,36769,307.29,390.0
Python,carga-alta,Carga alta,500,gRPC,listar-playlists-usuario,36975,309.01,390.0
Python,carga-alta,Carga alta,500,gRPC,listar-usuarios,37192,310.82,420.0
JavaScript,carga-leve,Carga leve,50,REST,listar-musicas,61725,516.09,19.0
JavaScript,carga-leve,Carga leve,50,REST,listar-musicas-playlist,61707,515.94,19.0
JavaScript,carga-leve,Carga leve,50,REST,listar-playlists-musica,61693,515.83,19.0
JavaScript,carga-leve,Carga leve,50,REST,listar-playlists-usuario,61717,516.03,19.0
JavaScript,carga-leve,Carga leve,50,REST,listar-usuarios,61729,516.13,19.0
JavaScript,carga-leve,Carga leve,50,GraphQL,listar-musicas,43830,366.72,33.0
JavaScript,carga-leve,Carga leve,50,GraphQL,listar-musicas-playlist,43804,366.5,32.0
JavaScript,carga-leve,Carga leve,50,GraphQL,listar-playlists-musica,43794,366.41,31.0
JavaScript,carga-leve,Carga leve,50,GraphQL,listar-playlists-usuario,43814,366.58,32.0
JavaScript,carga-leve,Carga leve,50,GraphQL,listar-usuarios,43835,366.76,32.0
JavaScript,carga-leve,Carga leve,50,SOAP,listar-musicas,7881,66.1,220.0
JavaScript,carga-leve,Carga leve,50,SOAP,listar-musicas-playlist,7862,65.94,210.0
JavaScript,carga-leve,Carga leve,50,SOAP,listar-playlists-musica,7850,65.84,230.0
JavaScript,carga-leve,Carga leve,50,SOAP,listar-playlists-usuario,7870,66.01,220.0
JavaScript,carga-leve,Carga leve,50,SOAP,listar-usuarios,7896,66.23,230.0
JavaScript,carga-leve,Carga leve,50,gRPC,listar-musicas,121333,1020.51,13.0
JavaScript,carga-leve,Carga leve,50,gRPC,listar-musicas-playlist,121309,1020.31,12.0
JavaScript,carga-leve,Carga leve,50,gRPC,listar-playlists-musica,121304,1020.27,12.0
JavaScript,carga-leve,Carga leve,50,gRPC,listar-playlists-usuario,121321,1020.41,13.0
JavaScript,carga-leve,Carga leve,50,gRPC,listar-usuarios,121342,1020.59,13.0
JavaScript,carga-media,Carga média,250,REST,listar-musicas,57999,487.0,43.0
JavaScript,carga-media,Carga média,250,REST,listar-musicas-playlist,57909,486.25,43.0
JavaScript,carga-media,Carga média,250,REST,listar-playlists-musica,57853,485.78,42.0
JavaScript,carga-media,Carga média,250,REST,listar-playlists-usuario,57938,486.49,43.0
JavaScript,carga-media,Carga média,250,REST,listar-usuarios,58035,487.31,43.0
JavaScript,carga-media,Carga média,250,GraphQL,listar-musicas,42899,357.66,81.0
JavaScript,carga-media,Carga média,250,GraphQL,listar-musicas-playlist,42808,356.9,79.0
JavaScript,carga-media,Carga média,250,GraphQL,listar-playlists-musica,42757,356.47,79.0
JavaScript,carga-media,Carga média,250,GraphQL,listar-playlists-usuario,42858,357.32,79.0
JavaScript,carga-media,Carga média,250,GraphQL,listar-usuarios,42947,358.06,80.0
JavaScript,carga-media,Carga média,250,SOAP,listar-musicas,7878,66.05,770.0
JavaScript,carga-media,Carga média,250,SOAP,listar-musicas-playlist,7780,65.22,760.0
JavaScript,carga-media,Carga média,250,SOAP,listar-playlists-musica,7731,64.81,760.0
JavaScript,carga-media,Carga média,250,SOAP,listar-playlists-usuario,7830,65.64,750.0
JavaScript,carga-media,Carga média,250,SOAP,listar-usuarios,7928,66.46,770.0
JavaScript,carga-media,Carga média,250,gRPC,listar-musicas,122441,1029.53,60.0
JavaScript,carga-media,Carga média,250,gRPC,listar-musicas-playlist,122287,1028.24,57.0
JavaScript,carga-media,Carga média,250,gRPC,listar-playlists-musica,122239,1027.84,57.0
JavaScript,carga-media,Carga média,250,gRPC,listar-playlists-usuario,122350,1028.77,58.0
JavaScript,carga-media,Carga média,250,gRPC,listar-usuarios,122465,1029.74,57.0
JavaScript,carga-alta,Carga alta,500,REST,listar-musicas,57262,479.97,46.0
JavaScript,carga-alta,Carga alta,500,REST,listar-musicas-playlist,57076,478.41,45.0
JavaScript,carga-alta,Carga alta,500,REST,listar-playlists-musica,56955,477.39,45.0
JavaScript,carga-alta,Carga alta,500,REST,listar-playlists-usuario,57160,479.11,45.0
JavaScript,carga-alta,Carga alta,500,REST,listar-usuarios,57360,480.79,47.0
JavaScript,carga-alta,Carga alta,500,GraphQL,listar-musicas,41476,346.76,84.0
JavaScript,carga-alta,Carga alta,500,GraphQL,listar-musicas-playlist,41321,345.47,81.0
JavaScript,carga-alta,Carga alta,500,GraphQL,listar-playlists-musica,41199,344.45,81.0
JavaScript,carga-alta,Carga alta,500,GraphQL,listar-playlists-usuario,41391,346.05,82.0
JavaScript,carga-alta,Carga alta,500,GraphQL,listar-usuarios,41584,347.67,86.0
JavaScript,carga-alta,Carga alta,500,SOAP,listar-musicas,7884,66.12,820.0
JavaScript,carga-alta,Carga alta,500,SOAP,listar-musicas-playlist,7771,65.17,810.0
JavaScript,carga-alta,Carga alta,500,SOAP,listar-playlists-musica,7719,64.73,810.0
JavaScript,carga-alta,Carga alta,500,SOAP,listar-playlists-usuario,7830,65.67,800.0
JavaScript,carga-alta,Carga alta,500,SOAP,listar-usuarios,7943,66.61,830.0
JavaScript,carga-alta,Carga alta,500,gRPC,listar-musicas,122554,1029.79,110.0
JavaScript,carga-alta,Carga alta,500,gRPC,listar-musicas-playlist,122371,1028.25,110.0
JavaScript,carga-alta,Carga alta,500,gRPC,listar-playlists-musica,122291,1027.58,110.0
JavaScript,carga-alta,Carga alta,500,gRPC,listar-playlists-usuario,122460,1029.0,110.0
JavaScript,carga-alta,Carga alta,500,gRPC,listar-usuarios,122634,1030.46,110.0
